{
  "flight-model": [
    {
      "id": 1,
      "flightId": 1,
      "flightName": "Indigo",
      "flightArrivalCity": "delhi",
      "flightDestinationCity": "mumbai",
      "flightTotalTimeDuration": "2hour",
      "flightCost": "1000",
      "flightDepTime": "01:00",
      "flightAncillaries": [
        "ppe",
        "insurances",
        "bass"
      ],
      "flightMeals": [
        "katlate",
        "bread butter",
        "boiled eggs",
        "dal"
      ],
      "flightShoppingItems": [
        "magazine",
        "special juice",
        "wine"
      ],
      "flightSeats": [
        {
          "id": 1,
          "seatId": 1,
          "seatStatus": false,
          "seatPassenger": [
            {
              "passengerId": 1,
              "passengerName": "abhinav singh",
              "passengerAddress": "kxs times newyork",
              "passengerDOB": "2020-09-01T18:30:00.000Z",
              "passengerPassportNum": "hlupsg",
              "passengerWithInfacts": false,
              "passengerWithWheelChair": false,
              "passengerCheckedIn": true,
              "passengerSpecialMealsTaken": true,
              "passengerAnicallaries": [
                "ppe",
                "insurances"
              ],
              "passengerMeals": [
                "boiled eggs",
                "bread butter",
                "dal"
              ],
              "passengerShopping": [
                "wine"
              ],
              "passengerSeatNumber": 1,
              "passengerFlightId": 1,
              "id": 1
            }
          ]
        },
        {
          "id": 2,
          "seatId": 2,
          "seatStatus": true,
          "seatPassenger": []
        },
        {
          "id": 3,
          "seatId": 3,
          "seatStatus": true,
          "seatPassenger": []
        },
        {
          "id": 4,
          "seatId": 4,
          "seatStatus": true,
          "seatPassenger": []
        },
        {
          "id": 5,
          "seatId": 5,
          "seatStatus": true,
          "seatPassenger": []
        },
        {
          "id": 6,
          "seatId": 6,
          "seatStatus": true,
          "seatPassenger": []
        },
        {
          "id": 7,
          "seatId": 7,
          "seatStatus": true,
          "seatPassenger": []
        },
        {
          "id": 8,
          "seatId": 8,
          "seatStatus": true,
          "seatPassenger": []
        },
        {
          "id": 9,
          "seatId": 9,
          "seatStatus": true,
          "seatPassenger": []
        },
        {
          "id": 10,
          "seatId": 10,
          "seatStatus": true,
          "seatPassenger": []
        },
        {
          "id": 11,
          "seatId": 11,
          "seatStatus": true,
          "seatPassenger": []
        },
        {
          "id": 12,
          "seatId": 12,
          "seatStatus": false,
          "seatPassenger": [
            {
              "passengerId": 8,
              "passengerName": "salman khan",
              "passengerAddress": "",
              "passengerDOB": "",
              "passengerPassportNum": "",
              "passengerWithInfacts": true,
              "passengerWithWheelChair": true,
              "passengerCheckedIn": true,
              "passengerSpecialMealsTaken": true,
              "passengerAnicallaries": [
                "ppe",
                "insurances"
              ],
              "passengerMeals": [],
              "passengerShopping": [],
              "passengerSeatNumber": 12,
              "passengerFlightId": 1,
              "id": 8
            }
          ]
        },
        {
          "id": 13,
          "seatId": 13,
          "seatStatus": true,
          "seatPassenger": []
        },
        {
          "id": 14,
          "seatId": 14,
          "seatStatus": false,
          "seatPassenger": [
            {
              "passengerId": 5,
              "passengerName": "monu chaudhary",
              "passengerAddress": "",
              "passengerDOB": "2020-09-01T18:30:00.000Z",
              "passengerPassportNum": "jgags12",
              "passengerWithInfacts": false,
              "passengerWithWheelChair": true,
              "passengerCheckedIn": true,
              "passengerSpecialMealsTaken": true,
              "passengerAnicallaries": [
                "insurances",
                "bass"
              ],
              "passengerMeals": [],
              "passengerShopping": [],
              "passengerSeatNumber": 14,
              "passengerFlightId": 1,
              "id": 5
            }
          ]
        },
        {
          "id": 15,
          "seatId": 15,
          "seatStatus": true,
          "seatPassenger": []
        },
        {
          "id": 16,
          "seatId": 16,
          "seatStatus": true,
          "seatPassenger": []
        },
        {
          "id": 17,
          "seatId": 17,
          "seatStatus": true,
          "seatPassenger": []
        },
        {
          "id": 18,
          "seatId": 18,
          "seatStatus": true,
          "seatPassenger": []
        },
        {
          "id": 19,
          "seatId": 19,
          "seatStatus": true,
          "seatPassenger": []
        },
        {
          "id": 20,
          "seatId": 20,
          "seatStatus": true,
          "seatPassenger": []
        },
        {
          "id": 21,
          "seatId": 21,
          "seatStatus": true,
          "seatPassenger": []
        },
        {
          "id": 22,
          "seatId": 22,
          "seatStatus": true,
          "seatPassenger": []
        },
        {
          "id": 23,
          "seatId": 23,
          "seatStatus": true,
          "seatPassenger": []
        },
        {
          "id": 24,
          "seatId": 24,
          "seatStatus": true,
          "seatPassenger": []
        }
      ],
      "flightSpecialMeals": true
    },
    {
      "id": 2,
      "flightId": 2,
      "flightName": "Vistara",
      "flightArrivalCity": "goa",
      "flightDestinationCity": "westbengal",
      "flightTotalTimeDuration": "2.5 hours",
      "flightCost": "3000",
      "flightDepTime": "07:30",
      "flightAncillaries": [
        "ppe",
        "insurances"
      ],
      "flightMeals": [
        "katlate",
        "rashgulla",
        "boiled eggs"
      ],
      "flightShoppingItems": [
        "magazine",
        "special juice",
        "fruit juice"
      ],
      "flightSeats": [
        {
          "id": 1,
          "seatId": 1,
          "seatStatus": true,
          "seatPassenger": []
        },
        {
          "id": 2,
          "seatId": 2,
          "seatStatus": false,
          "seatPassenger": [
            {
              "passengerId": 4,
              "passengerName": "dolly bindra",
              "passengerAddress": "abcbd",
              "passengerDOB": "2020-09-01T18:30:00.000Z",
              "passengerPassportNum": "",
              "passengerWithInfacts": true,
              "passengerWithWheelChair": false,
              "passengerCheckedIn": true,
              "passengerSpecialMealsTaken": true,
              "passengerAnicallaries": [],
              "passengerMeals": [],
              "passengerShopping": [
                "special juice",
                "fruit juice"
              ],
              "passengerSeatNumber": 2,
              "id": 4,
              "passengerFlightId": 2
            }
          ]
        },
        {
          "id": 3,
          "seatId": 3,
          "seatStatus": true,
          "seatPassenger": []
        },
        {
          "id": 4,
          "seatId": 4,
          "seatStatus": true,
          "seatPassenger": []
        },
        {
          "id": 5,
          "seatId": 5,
          "seatStatus": true,
          "seatPassenger": []
        },
        {
          "id": 6,
          "seatId": 6,
          "seatStatus": true,
          "seatPassenger": []
        },
        {
          "id": 7,
          "seatId": 7,
          "seatStatus": true,
          "seatPassenger": []
        },
        {
          "id": 8,
          "seatId": 8,
          "seatStatus": true,
          "seatPassenger": []
        },
        {
          "id": 9,
          "seatId": 9,
          "seatStatus": true,
          "seatPassenger": []
        },
        {
          "id": 10,
          "seatId": 10,
          "seatStatus": true,
          "seatPassenger": []
        },
        {
          "id": 11,
          "seatId": 11,
          "seatStatus": false,
          "seatPassenger": [
            {
              "passengerId": 6,
              "passengerName": "shivam dube",
              "passengerAddress": "",
              "passengerDOB": "2020-09-01T18:30:00.000Z",
              "passengerPassportNum": "",
              "passengerWithInfacts": false,
              "passengerWithWheelChair": true,
              "passengerCheckedIn": true,
              "passengerSpecialMealsTaken": false,
              "passengerAnicallaries": [],
              "passengerMeals": [],
              "passengerShopping": [
                "fruit juice"
              ],
              "passengerSeatNumber": 11,
              "passengerFlightId": 2,
              "id": 6
            }
          ]
        },
        {
          "id": 12,
          "seatId": 12,
          "seatStatus": true,
          "seatPassenger": []
        },
        {
          "id": 13,
          "seatId": 13,
          "seatStatus": true,
          "seatPassenger": []
        },
        {
          "id": 14,
          "seatId": 14,
          "seatStatus": true,
          "seatPassenger": []
        },
        {
          "id": 15,
          "seatId": 15,
          "seatStatus": true,
          "seatPassenger": []
        },
        {
          "id": 16,
          "seatId": 16,
          "seatStatus": true,
          "seatPassenger": []
        },
        {
          "id": 17,
          "seatId": 17,
          "seatStatus": true,
          "seatPassenger": []
        },
        {
          "id": 18,
          "seatId": 18,
          "seatStatus": true,
          "seatPassenger": []
        },
        {
          "id": 19,
          "seatId": 19,
          "seatStatus": true,
          "seatPassenger": []
        },
        {
          "id": 20,
          "seatId": 20,
          "seatStatus": true,
          "seatPassenger": []
        },
        {
          "id": 21,
          "seatId": 21,
          "seatStatus": true,
          "seatPassenger": []
        },
        {
          "id": 22,
          "seatId": 22,
          "seatStatus": true,
          "seatPassenger": []
        },
        {
          "id": 23,
          "seatId": 23,
          "seatStatus": true,
          "seatPassenger": []
        },
        {
          "id": 24,
          "seatId": 24,
          "seatStatus": true,
          "seatPassenger": []
        }
      ],
      "flightSpecialMeals": true
    },
    {
      "id": 3,
      "flightId": 3,
      "flightName": "Air India",
      "flightArrivalCity": "kashmir",
      "flightDestinationCity": "kanyakumari",
      "flightTotalTimeDuration": "4 hours",
      "flightCost": "5000",
      "flightDepTime": "23:00",
      "flightAncillaries": [
        "ppe",
        "insurances"
      ],
      "flightMeals": [
        "idly",
        "bread butter",
        "boiled eggs"
      ],
      "flightShoppingItems": [
        "magazine",
        "special juice",
        "waffers"
      ],
      "flightSeats": [
        {
          "id": 1,
          "seatId": 1,
          "seatStatus": false,
          "seatPassenger": [
            {
              "passengerId": 7,
              "passengerName": "rajiv metha",
              "passengerAddress": "",
              "passengerDOB": "2020-09-01T18:30:00.000Z",
              "passengerPassportNum": "ajjss",
              "passengerWithInfacts": false,
              "passengerWithWheelChair": false,
              "passengerCheckedIn": true,
              "passengerSpecialMealsTaken": false,
              "passengerAnicallaries": [],
              "passengerMeals": [],
              "passengerShopping": [],
              "passengerSeatNumber": 1,
              "passengerFlightId": 3,
              "id": 7
            }
          ]
        },
        {
          "id": 2,
          "seatId": 2,
          "seatStatus": true,
          "seatPassenger": []
        },
        {
          "id": 3,
          "seatId": 3,
          "seatStatus": true,
          "seatPassenger": []
        },
        {
          "id": 4,
          "seatId": 4,
          "seatStatus": true,
          "seatPassenger": []
        },
        {
          "id": 5,
          "seatId": 5,
          "seatStatus": true,
          "seatPassenger": []
        },
        {
          "id": 6,
          "seatId": 6,
          "seatStatus": true,
          "seatPassenger": []
        },
        {
          "id": 7,
          "seatId": 7,
          "seatStatus": true,
          "seatPassenger": []
        },
        {
          "id": 8,
          "seatId": 8,
          "seatStatus": true,
          "seatPassenger": []
        },
        {
          "id": 9,
          "seatId": 9,
          "seatStatus": true,
          "seatPassenger": []
        },
        {
          "id": 10,
          "seatId": 10,
          "seatStatus": true,
          "seatPassenger": []
        },
        {
          "id": 11,
          "seatId": 11,
          "seatStatus": true,
          "seatPassenger": []
        },
        {
          "id": 12,
          "seatId": 12,
          "seatStatus": true,
          "seatPassenger": []
        },
        {
          "id": 13,
          "seatId": 13,
          "seatStatus": true,
          "seatPassenger": []
        },
        {
          "id": 14,
          "seatId": 14,
          "seatStatus": true,
          "seatPassenger": []
        },
        {
          "id": 15,
          "seatId": 15,
          "seatStatus": true,
          "seatPassenger": []
        },
        {
          "id": 16,
          "seatId": 16,
          "seatStatus": true,
          "seatPassenger": []
        },
        {
          "id": 17,
          "seatId": 17,
          "seatStatus": true,
          "seatPassenger": []
        },
        {
          "id": 18,
          "seatId": 18,
          "seatStatus": true,
          "seatPassenger": []
        },
        {
          "id": 19,
          "seatId": 19,
          "seatStatus": true,
          "seatPassenger": []
        },
        {
          "id": 20,
          "seatId": 20,
          "seatStatus": true,
          "seatPassenger": []
        },
        {
          "id": 21,
          "seatId": 21,
          "seatStatus": true,
          "seatPassenger": []
        },
        {
          "id": 22,
          "seatId": 22,
          "seatStatus": true,
          "seatPassenger": []
        },
        {
          "id": 23,
          "seatId": 23,
          "seatStatus": true,
          "seatPassenger": []
        },
        {
          "id": 24,
          "seatId": 24,
          "seatStatus": true,
          "seatPassenger": []
        }
      ],
      "flightSpecialMeals": true
    },
    {
      "id": 4,
      "flightId": 4,
      "flightName": "Spice Jet",
      "flightArrivalCity": "mohali",
      "flightDestinationCity": "bengaluru",
      "flightTotalTimeDuration": "2 hours",
      "flightCost": "4000",
      "flightDepTime": "17:00",
      "flightAncillaries": [
        "ppe",
        "insurances"
      ],
      "flightMeals": [
        "choley bhautre",
        "bread butter",
        "boiled eggs",
        "lassi"
      ],
      "flightShoppingItems": [
        "magazine",
        "special juice",
        "wine"
      ],
      "flightSeats": [
        {
          "id": 1,
          "seatId": 1,
          "seatStatus": true,
          "seatPassenger": []
        },
        {
          "id": 2,
          "seatId": 2,
          "seatStatus": true,
          "seatPassenger": []
        },
        {
          "id": 3,
          "seatId": 3,
          "seatStatus": true,
          "seatPassenger": []
        },
        {
          "id": 4,
          "seatId": 4,
          "seatStatus": true,
          "seatPassenger": []
        },
        {
          "id": 5,
          "seatId": 5,
          "seatStatus": true,
          "seatPassenger": []
        },
        {
          "id": 6,
          "seatId": 6,
          "seatStatus": true,
          "seatPassenger": []
        },
        {
          "id": 7,
          "seatId": 7,
          "seatStatus": true,
          "seatPassenger": []
        },
        {
          "id": 8,
          "seatId": 8,
          "seatStatus": true,
          "seatPassenger": []
        },
        {
          "id": 9,
          "seatId": 9,
          "seatStatus": true,
          "seatPassenger": []
        },
        {
          "id": 10,
          "seatId": 10,
          "seatStatus": true,
          "seatPassenger": []
        },
        {
          "id": 11,
          "seatId": 11,
          "seatStatus": true,
          "seatPassenger": []
        },
        {
          "id": 12,
          "seatId": 12,
          "seatStatus": true,
          "seatPassenger": []
        },
        {
          "id": 13,
          "seatId": 13,
          "seatStatus": true,
          "seatPassenger": []
        },
        {
          "id": 14,
          "seatId": 14,
          "seatStatus": true,
          "seatPassenger": []
        },
        {
          "id": 15,
          "seatId": 15,
          "seatStatus": true,
          "seatPassenger": []
        },
        {
          "id": 16,
          "seatId": 16,
          "seatStatus": false,
          "seatPassenger": [
            {
              "id": 2,
              "passengerId": 2,
              "passengerName": "rahul shrama",
              "passengerDOB": "",
              "passengerPassportNum": "hlupksg",
              "passengerAddress": "",
              "passengerSeatNumber": 16,
              "passengerAnicallaries": [
                "ppe",
                "bass"
              ],
              "passengerMeals": [
                "boiled eggs",
                "bread butter"
              ],
              "passengerShopping": [
                "wine"
              ],
              "passengerWithInfacts": true,
              "passengerWithWheelChair": true,
              "passengerCheckedIn": true,
              "passengerSpecialMealsTaken": true,
              "passengerFlightId": 4
            }
          ]
        },
        {
          "id": 17,
          "seatId": 17,
          "seatStatus": true,
          "seatPassenger": []
        },
        {
          "id": 18,
          "seatId": 18,
          "seatStatus": true,
          "seatPassenger": []
        },
        {
          "id": 19,
          "seatId": 19,
          "seatStatus": true,
          "seatPassenger": []
        },
        {
          "id": 20,
          "seatId": 20,
          "seatStatus": true,
          "seatPassenger": []
        },
        {
          "id": 21,
          "seatId": 21,
          "seatStatus": true,
          "seatPassenger": []
        },
        {
          "id": 22,
          "seatId": 22,
          "seatStatus": true,
          "seatPassenger": []
        },
        {
          "id": 23,
          "seatId": 23,
          "seatStatus": true,
          "seatPassenger": []
        },
        {
          "id": 24,
          "seatId": 24,
          "seatStatus": true,
          "seatPassenger": []
        }
      ],
      "flightSpecialMeals": true
    },
    {
      "id": 5,
      "flightId": 5,
      "flightName": "Air Asia",
      "flightArrivalCity": "Assam",
      "flightDestinationCity": "orrisa",
      "flightTotalTimeDuration": "2 hours",
      "flightCost": "4000",
      "flightDepTime": "03:00",
      "flightAncillaries": [
        "ppe",
        "insurances"
      ],
      "flightMeals": [
        "choley bhautre",
        "bread butter",
        "boiled eggs",
        "lassi"
      ],
      "flightShoppingItems": [
        "magazine",
        "special juice",
        "wine"
      ],
      "flightSeats": [
        {
          "id": 1,
          "seatId": 1,
          "seatStatus": true,
          "seatPassenger": []
        },
        {
          "id": 2,
          "seatId": 2,
          "seatStatus": true,
          "seatPassenger": []
        },
        {
          "id": 3,
          "seatId": 3,
          "seatStatus": true,
          "seatPassenger": []
        },
        {
          "id": 4,
          "seatId": 4,
          "seatStatus": true,
          "seatPassenger": []
        },
        {
          "id": 5,
          "seatId": 5,
          "seatStatus": true,
          "seatPassenger": []
        },
        {
          "id": 6,
          "seatId": 6,
          "seatStatus": true,
          "seatPassenger": []
        },
        {
          "id": 7,
          "seatId": 7,
          "seatStatus": true,
          "seatPassenger": []
        },
        {
          "id": 8,
          "seatId": 8,
          "seatStatus": true,
          "seatPassenger": []
        },
        {
          "id": 9,
          "seatId": 9,
          "seatStatus": true,
          "seatPassenger": []
        },
        {
          "id": 10,
          "seatId": 10,
          "seatStatus": true,
          "seatPassenger": []
        },
        {
          "id": 11,
          "seatId": 11,
          "seatStatus": true,
          "seatPassenger": []
        },
        {
          "id": 12,
          "seatId": 12,
          "seatStatus": true,
          "seatPassenger": []
        },
        {
          "id": 13,
          "seatId": 13,
          "seatStatus": true,
          "seatPassenger": []
        },
        {
          "id": 14,
          "seatId": 14,
          "seatStatus": true,
          "seatPassenger": []
        },
        {
          "id": 15,
          "seatId": 15,
          "seatStatus": true,
          "seatPassenger": []
        },
        {
          "id": 16,
          "seatId": 16,
          "seatStatus": true,
          "seatPassenger": []
        },
        {
          "id": 17,
          "seatId": 17,
          "seatStatus": false,
          "seatPassenger": [
            {
              "passengerId": 11,
              "passengerName": "vishal sharma",
              "passengerAddress": "",
              "passengerDOB": "",
              "passengerPassportNum": "yudghd",
              "passengerWithInfacts": false,
              "passengerWithWheelChair": true,
              "passengerCheckedIn": true,
              "passengerSpecialMealsTaken": false,
              "passengerAnicallaries": [],
              "passengerMeals": [],
              "passengerShopping": [],
              "passengerSeatNumber": 17,
              "passengerFlightId": 5,
              "id": 11
            }
          ]
        },
        {
          "id": 18,
          "seatId": 18,
          "seatStatus": true,
          "seatPassenger": []
        },
        {
          "id": 19,
          "seatId": 19,
          "seatStatus": true,
          "seatPassenger": []
        },
        {
          "id": 20,
          "seatId": 20,
          "seatStatus": true,
          "seatPassenger": []
        },
        {
          "id": 21,
          "seatId": 21,
          "seatStatus": true,
          "seatPassenger": []
        },
        {
          "id": 22,
          "seatId": 22,
          "seatStatus": true,
          "seatPassenger": []
        },
        {
          "id": 23,
          "seatId": 23,
          "seatStatus": true,
          "seatPassenger": []
        },
        {
          "id": 24,
          "seatId": 24,
          "seatStatus": true,
          "seatPassenger": []
        }
      ],
      "flightSpecialMeals": true
    }
  ],
  "passenger-model": [
    {
      "passengerId": 1,
      "passengerName": "abhinav singh",
      "passengerAddress": "kxs times newyork",
      "passengerDOB": "2020-09-01T18:30:00.000Z",
      "passengerPassportNum": "hlupsgk",
      "passengerWithInfacts": false,
      "passengerWithWheelChair": false,
      "passengerSpecialMealsTaken": true,
      "passengerAnicallaries": [
        "ppe",
        "insurances"
      ],
      "passengerMeals": [
        "boiled eggs",
        "bread butter",
        "dal"
      ],
      "passengerShopping": [
        "wine",
        "magazine"
      ],
      "passengerSeatNumber": 1,
      "passengerFlightId": 1,
      "passengerCheckedIn": true,
      "id": 1
    },
    {
      "id": 2,
      "passengerId": 2,
      "passengerName": "rahul shrama",
      "passengerDOB": "",
      "passengerPassportNum": "hlupksg",
      "passengerAddress": "",
      "passengerSeatNumber": 16,
      "passengerAnicallaries": [
        "ppe",
        "bass"
      ],
      "passengerMeals": [
        "boiled eggs",
        "bread butter"
      ],
      "passengerShopping": [
        "wine"
      ],
      "passengerWithInfacts": true,
      "passengerWithWheelChair": true,
      "passengerCheckedIn": true,
      "passengerSpecialMealsTaken": false,
      "passengerFlightId": 4
    },
    {
      "passengerId": 3,
      "passengerName": "ajay yadav",
      "passengerAddress": "",
      "passengerDOB": "2020-09-01T18:30:00.000Z",
      "passengerPassportNum": "k2315h1",
      "passengerWithInfacts": true,
      "passengerWithWheelChair": false,
      "passengerCheckedIn": false,
      "passengerSpecialMealsTaken": true,
      "passengerAnicallaries": [
        "insurances"
      ],
      "passengerMeals": [
        "boiled eggs",
        "bread butter"
      ],
      "passengerShopping": [],
      "passengerSeatNumber": 0,
      "passengerFlightId": 1,
      "id": 3
    },
    {
      "passengerId": 4,
      "passengerName": "dolly bindra",
      "passengerAddress": "abcbd",
      "passengerDOB": "2020-09-01T18:30:00.000Z",
      "passengerPassportNum": "",
      "passengerWithInfacts": true,
      "passengerWithWheelChair": false,
      "passengerCheckedIn": true,
      "passengerSpecialMealsTaken": true,
      "passengerAnicallaries": [],
      "passengerMeals": [],
      "passengerShopping": [
        "special juice",
        "fruit juice"
      ],
      "passengerSeatNumber": 2,
      "id": 4,
      "passengerFlightId": 2
    },
    {
      "passengerId": 5,
      "passengerName": "monu chaudhary",
      "passengerAddress": "",
      "passengerDOB": "2020-09-01T18:30:00.000Z",
      "passengerPassportNum": "jgags12",
      "passengerWithInfacts": false,
      "passengerWithWheelChair": true,
      "passengerCheckedIn": true,
      "passengerSpecialMealsTaken": true,
      "passengerAnicallaries": [
        "insurances",
        "bass"
      ],
      "passengerMeals": [
        "boiled eggs"
      ],
      "passengerShopping": [],
      "passengerSeatNumber": 14,
      "passengerFlightId": 1,
      "id": 5
    },
    {
      "passengerId": 6,
      "passengerName": "shivam dube",
      "passengerAddress": "",
      "passengerDOB": "2020-09-01T18:30:00.000Z",
      "passengerPassportNum": "",
      "passengerWithInfacts": false,
      "passengerWithWheelChair": true,
      "passengerCheckedIn": true,
      "passengerSpecialMealsTaken": false,
      "passengerAnicallaries": [],
      "passengerMeals": [],
      "passengerShopping": [
        "fruit juice"
      ],
      "passengerSeatNumber": 11,
      "passengerFlightId": 2,
      "id": 6
    },
    {
      "passengerId": 7,
      "passengerName": "rajiv metha",
      "passengerAddress": "dolarnagar",
      "passengerDOB": "2020-09-01T18:30:00.000Z",
      "passengerPassportNum": "ajjss",
      "passengerWithInfacts": false,
      "passengerWithWheelChair": false,
      "passengerSpecialMealsTaken": false,
      "passengerAnicallaries": [],
      "passengerMeals": [],
      "passengerShopping": [],
      "passengerSeatNumber": 1,
      "passengerFlightId": 3,
      "passengerCheckedIn": true,
      "id": 7
    },
    {
      "passengerId": 8,
      "passengerName": "salman khan",
      "passengerAddress": "",
      "passengerDOB": "",
      "passengerPassportNum": "",
      "passengerWithInfacts": true,
      "passengerWithWheelChair": true,
      "passengerCheckedIn": true,
      "passengerSpecialMealsTaken": true,
      "passengerAnicallaries": [
        "ppe",
        "insurances"
      ],
      "passengerMeals": [],
      "passengerShopping": [],
      "passengerSeatNumber": 12,
      "passengerFlightId": 1,
      "id": 8
    },
    {
      "passengerId": 9,
      "passengerName": "nargis rawat",
      "passengerAddress": "",
      "passengerDOB": "2020-09-01T18:30:00.000Z",
      "passengerPassportNum": "",
      "passengerWithInfacts": false,
      "passengerWithWheelChair": false,
      "passengerCheckedIn": false,
      "passengerSpecialMealsTaken": true,
      "passengerAnicallaries": [],
      "passengerMeals": [],
      "passengerShopping": [],
      "passengerSeatNumber": 0,
      "passengerFlightId": 2,
      "id": 9
    },
    {
      "passengerId": 10,
      "passengerName": "manish bohra",
      "passengerAddress": "",
      "passengerDOB": "",
      "passengerPassportNum": "",
      "passengerWithInfacts": false,
      "passengerWithWheelChair": false,
      "passengerCheckedIn": false,
      "passengerSpecialMealsTaken": true,
      "passengerAnicallaries": [],
      "passengerMeals": [],
      "passengerShopping": [],
      "passengerSeatNumber": 0,
      "passengerFlightId": 5,
      "id": 10
    },
    {
      "passengerId": 11,
      "passengerName": "vishal sharma",
      "passengerAddress": "",
      "passengerDOB": "",
      "passengerPassportNum": "yudghd",
      "passengerWithInfacts": false,
      "passengerWithWheelChair": true,
      "passengerCheckedIn": true,
      "passengerSpecialMealsTaken": false,
      "passengerAnicallaries": [],
      "passengerMeals": [],
      "passengerShopping": [],
      "passengerSeatNumber": 17,
      "passengerFlightId": 5,
      "id": 11
    }
  ],
  "admin-model": [
    {
      "id": 1,
      "adminEmail": "abc@gmail.com",
      "adminUserName": "abc123",
      "adminPassword": "x2x3x4"
    },
    {
      "adminEmail": "abcd@gmail.com",
      "adminUserName": "ravi",
      "adminPassword": "abcd@12",
      "id": 2
    },
    {
      "adminEmail": "dik@gmail.com",
      "adminUserName": "dik123",
      "adminPassword": "x1x2x3",
      "id": 3
    },
    {
      "adminEmail": "goku@gmail.com",
      "adminUserName": "goku123",
      "adminPassword": "x5x6x7",
      "id": 4
    }
  ]
}